id,movie_name,movie_url
1,肖申克的救赎,https://movie.douban.com/subject/1292052/
2,霸王别姬,https://movie.douban.com/subject/1291546/
3,阿甘正传,https://movie.douban.com/subject/1292720/
4,这个杀手不太冷,https://movie.douban.com/subject/1295644/
5,美丽人生,https://movie.douban.com/subject/1292063/
6,泰坦尼克号,https://movie.douban.com/subject/1292722/
7,千与千寻,https://movie.douban.com/subject/1291561/
8,辛德勒的名单,https://movie.douban.com/subject/1295124/
9,盗梦空间,https://movie.douban.com/subject/3541415/
10,忠犬八公的故事,https://movie.douban.com/subject/3011091/
11,海上钢琴师,https://movie.douban.com/subject/1292001/
12,机器人总动员,https://movie.douban.com/subject/2131459/
13,三傻大闹宝莱坞,https://movie.douban.com/subject/3793023/
14,楚门的世界,https://movie.douban.com/subject/1292064/
15,放牛班的春天,https://movie.douban.com/subject/1291549/
16,星际穿越,https://movie.douban.com/subject/1889243/
17,大话西游之大圣娶亲,https://movie.douban.com/subject/1292213/
18,熔炉,https://movie.douban.com/subject/5912992/
19,疯狂动物城,https://movie.douban.com/subject/25662329/
20,无间道,https://movie.douban.com/subject/1307914/
21,龙猫,https://movie.douban.com/subject/1291560/
22,教父,https://movie.douban.com/subject/1291841/
23,当幸福来敲门,https://movie.douban.com/subject/1849031/
24,怦然心动,https://movie.douban.com/subject/3319755/
25,触不可及,https://movie.douban.com/subject/6786002/
26,蝙蝠侠：黑暗骑士,https://movie.douban.com/subject/1851857/
27,控方证人,https://movie.douban.com/subject/1296141/
28,活着,https://movie.douban.com/subject/1292365/
29,乱世佳人,https://movie.douban.com/subject/1300267/
30,寻梦环游记,https://movie.douban.com/subject/20495023/
31,末代皇帝,https://movie.douban.com/subject/1293172/
32,摔跤吧！爸爸,https://movie.douban.com/subject/26387939/
33,少年派的奇幻漂流,https://movie.douban.com/subject/1929463/
34,指环王3：王者无敌,https://movie.douban.com/subject/1291552/
35,飞屋环游记,https://movie.douban.com/subject/2129039/
36,何以为家,https://movie.douban.com/subject/30170448/
37,十二怒汉,https://movie.douban.com/subject/1293182/
38,鬼子来了,https://movie.douban.com/subject/1291858/
39,天空之城,https://movie.douban.com/subject/1291583/
40,大话西游之月光宝盒,https://movie.douban.com/subject/1299398/
41,哈尔的移动城堡,https://movie.douban.com/subject/1308807/
42,素媛,https://movie.douban.com/subject/21937452/
43,天堂电影院,https://movie.douban.com/subject/1291828/
44,罗马假日,https://movie.douban.com/subject/1293839/
45,闻香识女人,https://movie.douban.com/subject/1298624/
46,辩护人,https://movie.douban.com/subject/21937445/
47,搏击俱乐部,https://movie.douban.com/subject/1292000/
48,哈利·波特与魔法石,https://movie.douban.com/subject/1295038/
49,我不是药神,https://movie.douban.com/subject/26752088/
50,死亡诗社,https://movie.douban.com/subject/1291548/
51,教父2,https://movie.douban.com/subject/1299131/
52,窃听风暴,https://movie.douban.com/subject/1900841/
53,狮子王,https://movie.douban.com/subject/1301753/
54,指环王2：双塔奇兵,https://movie.douban.com/subject/1291572/
55,大闹天宫,https://movie.douban.com/subject/1418019/
56,指环王1：魔戒再现,https://movie.douban.com/subject/1291571/
57,两杆大烟枪,https://movie.douban.com/subject/1293350/
58,美丽心灵,https://movie.douban.com/subject/1306029/
59,饮食男女,https://movie.douban.com/subject/1291818/
60,飞越疯人院,https://movie.douban.com/subject/1292224/
61,猫鼠游戏,https://movie.douban.com/subject/1305487/
62,黑客帝国,https://movie.douban.com/subject/1291843/
63,V字仇杀队,https://movie.douban.com/subject/1309046/
64,钢琴家,https://movie.douban.com/subject/1296736/
65,本杰明·巴顿奇事,https://movie.douban.com/subject/1485260/
66,看不见的客人,https://movie.douban.com/subject/26580232/
67,让子弹飞,https://movie.douban.com/subject/3742360/
68,西西里的美丽传说,https://movie.douban.com/subject/1292402/
69,海豚湾,https://movie.douban.com/subject/3442220/
70,小鞋子,https://movie.douban.com/subject/1303021/
71,拯救大兵瑞恩,https://movie.douban.com/subject/1292849/
72,情书,https://movie.douban.com/subject/1292220/
73,音乐之声,https://movie.douban.com/subject/1294408/
74,穿条纹睡衣的男孩,https://movie.douban.com/subject/3008247/
75,美国往事,https://movie.douban.com/subject/1292262/
76,致命魔术,https://movie.douban.com/subject/1780330/
77,绿皮书,https://movie.douban.com/subject/27060077/
78,七宗罪,https://movie.douban.com/subject/1292223/
79,低俗小说,https://movie.douban.com/subject/1291832/
80,沉默的羔羊,https://movie.douban.com/subject/1293544/
81,海蒂和爷爷,https://movie.douban.com/subject/25958717/
82,蝴蝶效应,https://movie.douban.com/subject/1292343/
83,被嫌弃的松子的一生,https://movie.douban.com/subject/1787291/
84,春光乍泄,https://movie.douban.com/subject/1292679/
85,禁闭岛,https://movie.douban.com/subject/2334904/
86,心灵捕手,https://movie.douban.com/subject/1292656/
87,布达佩斯大饭店,https://movie.douban.com/subject/11525673/
88,阿凡达,https://movie.douban.com/subject/1652587/
89,剪刀手爱德华,https://movie.douban.com/subject/1292370/
90,勇敢的心,https://movie.douban.com/subject/1294639/
91,摩登时代,https://movie.douban.com/subject/1294371/
92,天使爱美丽,https://movie.douban.com/subject/1292215/
93,加勒比海盗,https://movie.douban.com/subject/1298070/
94,喜剧之王,https://movie.douban.com/subject/1302425/
95,致命ID,https://movie.douban.com/subject/1297192/
96,断背山,https://movie.douban.com/subject/1418834/
97,杀人回忆,https://movie.douban.com/subject/1300299/
98,幽灵公主,https://movie.douban.com/subject/1297359/
99,狩猎,https://movie.douban.com/subject/6985810/
100,入殓师,https://movie.douban.com/subject/2149806/
101,阳光灿烂的日子,https://movie.douban.com/subject/1291875/
102,请以你的名字呼唤我,https://movie.douban.com/subject/26799731/
103,重庆森林,https://movie.douban.com/subject/1291999/
104,第六感,https://movie.douban.com/subject/1297630/
105,哈利·波特与死亡圣器(下),https://movie.douban.com/subject/3011235/
106,小森林 夏秋篇,https://movie.douban.com/subject/25814705/
107,7号房的礼物,https://movie.douban.com/subject/10777687/
108,消失的爱人,https://movie.douban.com/subject/21318488/
109,红辣椒,https://movie.douban.com/subject/1865703/
110,爱在黎明破晓前,https://movie.douban.com/subject/1296339/
111,玛丽和马克思,https://movie.douban.com/subject/3072124/
112,小森林 冬春篇,https://movie.douban.com/subject/25814707/
113,侧耳倾听,https://movie.douban.com/subject/1297052/
114,一一,https://movie.douban.com/subject/1292434/
115,告白,https://movie.douban.com/subject/4268598/
116,大鱼,https://movie.douban.com/subject/1291545/
117,唐伯虎点秋香,https://movie.douban.com/subject/1306249/
118,阳光姐妹淘,https://movie.douban.com/subject/4917726/
119,蝙蝠侠：黑暗骑士崛起,https://movie.douban.com/subject/3395373/
120,射雕英雄传之东成西就,https://movie.douban.com/subject/1316510/
121,倩女幽魂,https://movie.douban.com/subject/1297447/
122,超脱,https://movie.douban.com/subject/5322596/
123,甜蜜蜜,https://movie.douban.com/subject/1305164/
124,驯龙高手,https://movie.douban.com/subject/2353023/
125,萤火之森,https://movie.douban.com/subject/5989818/
126,恐怖直播,https://movie.douban.com/subject/21360417/
127,幸福终点站,https://movie.douban.com/subject/1292274/
128,超能陆战队,https://movie.douban.com/subject/11026735/
129,菊次郎的夏天,https://movie.douban.com/subject/1293359/
130,无人知晓,https://movie.douban.com/subject/1292337/
131,爱在日落黄昏时,https://movie.douban.com/subject/1291990/
132,借东西的小人阿莉埃蒂,https://movie.douban.com/subject/4202302/
133,神偷奶爸,https://movie.douban.com/subject/3287562/
134,怪兽电力公司,https://movie.douban.com/subject/1291579/
135,完美的世界,https://movie.douban.com/subject/1300992/
136,玩具总动员3,https://movie.douban.com/subject/1858711/
137,风之谷,https://movie.douban.com/subject/1291585/
138,血战钢锯岭,https://movie.douban.com/subject/26325320/
139,上帝之城,https://movie.douban.com/subject/1292208/
140,傲慢与偏见,https://movie.douban.com/subject/1418200/
141,时空恋旅人,https://movie.douban.com/subject/10577869/
142,电锯惊魂,https://movie.douban.com/subject/1417598/
143,功夫,https://movie.douban.com/subject/1291543/
144,教父3,https://movie.douban.com/subject/1294240/
145,喜宴,https://movie.douban.com/subject/1303037/
146,谍影重重3,https://movie.douban.com/subject/1578507/
147,英雄本色,https://movie.douban.com/subject/1297574/
148,岁月神偷,https://movie.douban.com/subject/3792799/
149,被解救的姜戈,https://movie.douban.com/subject/6307447/
150,七武士,https://movie.douban.com/subject/1295399/
151,天书奇谭,https://movie.douban.com/subject/1428581/
152,哪吒闹海,https://movie.douban.com/subject/1307315/
153,疯狂原始人,https://movie.douban.com/subject/1907966/
154,人生果实,https://movie.douban.com/subject/26874505/
155,我是山姆,https://movie.douban.com/subject/1306861/
156,心迷宫,https://movie.douban.com/subject/25917973/
157,纵横四海,https://movie.douban.com/subject/1295409/
158,三块广告牌,https://movie.douban.com/subject/26611804/
159,萤火虫之墓,https://movie.douban.com/subject/1293318/
160,真爱至上,https://movie.douban.com/subject/1292401/
161,头号玩家,https://movie.douban.com/subject/4920389/
162,达拉斯买家俱乐部,https://movie.douban.com/subject/1793929/
163,荒蛮故事,https://movie.douban.com/subject/24750126/
164,东邪西毒,https://movie.douban.com/subject/1292328/
165,爆裂鼓手,https://movie.douban.com/subject/25773932/
166,记忆碎片,https://movie.douban.com/subject/1304447/
167,贫民窟的百万富翁,https://movie.douban.com/subject/2209573/
168,釜山行,https://movie.douban.com/subject/25986180/
169,黑天鹅,https://movie.douban.com/subject/1978709/
170,花样年华,https://movie.douban.com/subject/1291557/
171,你的名字。,https://movie.douban.com/subject/26683290/
172,卢旺达饭店,https://movie.douban.com/subject/1291822/
173,忠犬八公物语,https://movie.douban.com/subject/1959195/
174,头脑特工队,https://movie.douban.com/subject/10533913/
175,模仿游戏,https://movie.douban.com/subject/10463953/
176,黑客帝国3：矩阵革命,https://movie.douban.com/subject/1302467/
177,一个叫欧维的男人决定去死,https://movie.douban.com/subject/26628357/
178,雨人,https://movie.douban.com/subject/1291870/
179,你看起来好像很好吃,https://movie.douban.com/subject/4848115/
180,哈利·波特与阿兹卡班的囚徒,https://movie.douban.com/subject/1291544/
181,无敌破坏王,https://movie.douban.com/subject/6534248/
182,未麻的部屋,https://movie.douban.com/subject/1395091/
183,恋恋笔记本,https://movie.douban.com/subject/1309163/
184,冰川时代,https://movie.douban.com/subject/1291578/
185,哈利·波特与密室,https://movie.douban.com/subject/1296996/
186,海街日记,https://movie.douban.com/subject/25895901/
187,新世界,https://movie.douban.com/subject/10437779/
188,海边的曼彻斯特,https://movie.douban.com/subject/25980443/
189,二十二,https://movie.douban.com/subject/26430107/
190,虎口脱险,https://movie.douban.com/subject/1296909/
191,房间,https://movie.douban.com/subject/25724855/
192,恐怖游轮,https://movie.douban.com/subject/3011051/
193,雨中曲,https://movie.douban.com/subject/1293460/
194,人工智能,https://movie.douban.com/subject/1302827/
195,魔女宅急便,https://movie.douban.com/subject/1307811/
196,惊魂记,https://movie.douban.com/subject/1293181/
197,奇迹男孩,https://movie.douban.com/subject/26787574/
198,疯狂的石头,https://movie.douban.com/subject/1862151/
199,海洋,https://movie.douban.com/subject/3443389/
200,罗生门,https://movie.douban.com/subject/1291879/
201,终结者2：审判日,https://movie.douban.com/subject/1291844/
202,燃情岁月,https://movie.douban.com/subject/1295865/
203,爱在午夜降临前,https://movie.douban.com/subject/10808442/
204,魂断蓝桥,https://movie.douban.com/subject/1293964/
205,初恋这件小事,https://movie.douban.com/subject/4739952/
206,穿越时空的少女,https://movie.douban.com/subject/1937946/
207,小偷家族,https://movie.douban.com/subject/27622447/
208,可可西里,https://movie.douban.com/subject/1308857/
209,绿里奇迹,https://movie.douban.com/subject/1300374/
210,2001太空漫游,https://movie.douban.com/subject/1292226/
211,完美陌生人,https://movie.douban.com/subject/26614893/
212,牯岭街少年杀人事件,https://movie.douban.com/subject/1292329/
213,无耻混蛋,https://movie.douban.com/subject/1438652/
214,阿飞正传,https://movie.douban.com/subject/1305690/
215,新龙门客栈,https://movie.douban.com/subject/1292287/
216,香水,https://movie.douban.com/subject/1760622/
217,源代码,https://movie.douban.com/subject/3075287/
218,城市之光,https://movie.douban.com/subject/1293908/
219,谍影重重2,https://movie.douban.com/subject/1308767/
220,谍影重重,https://movie.douban.com/subject/1304102/
221,青蛇,https://movie.douban.com/subject/1303394/
222,猜火车,https://movie.douban.com/subject/1292528/
223,战争之王,https://movie.douban.com/subject/1419936/
224,地球上的星星,https://movie.douban.com/subject/2363506/
225,血钻,https://movie.douban.com/subject/1428175/
226,朗读者,https://movie.douban.com/subject/2213597/
227,浪潮,https://movie.douban.com/subject/2297265/
228,色，戒,https://movie.douban.com/subject/1828115/
229,遗愿清单,https://movie.douban.com/subject/1867345/
230,步履不停,https://movie.douban.com/subject/2222996/
231,彗星来的那一夜,https://movie.douban.com/subject/25807345/
232,大佛普拉斯,https://movie.douban.com/subject/27059130/
233,疯狂的麦克斯4：狂暴之路,https://movie.douban.com/subject/3592854/
234,小萝莉的猴神大叔,https://movie.douban.com/subject/26393561/
235,再次出发之纽约遇见你,https://movie.douban.com/subject/6874403/
236,聚焦,https://movie.douban.com/subject/25954475/
237,驴得水,https://movie.douban.com/subject/25921812/
238,追随,https://movie.douban.com/subject/1397546/
239,东京物语,https://movie.douban.com/subject/1291568/
240,一次别离,https://movie.douban.com/subject/5964718/
241,黑鹰坠落,https://movie.douban.com/subject/1291824/
242,千钧一发,https://movie.douban.com/subject/1300117/
243,我爱你,https://movie.douban.com/subject/5908478/
244,发条橙,https://movie.douban.com/subject/1292233/
245,四个春天,https://movie.douban.com/subject/27191492/
246,网络谜踪,https://movie.douban.com/subject/27615441/
247,E.T. 外星人,https://movie.douban.com/subject/1294638/
248,撞车,https://movie.douban.com/subject/1388216/
249,变脸,https://movie.douban.com/subject/1292659/
250,九品芝麻官,https://movie.douban.com/subject/1297518/